<keymap version="1" name="Default for macOS copy 1" parent="Mac OS X 10.5+">
  <action id="ActivateFavoritesToolWindow" />
  <action id="ActivateTerminalToolWindow">
    <keyboard-shortcut first-keystroke="meta 2" />
  </action>
  <action id="ActivateVersionControlToolWindow">
    <keyboard-shortcut first-keystroke="meta 9" />
  </action>
  <action id="CloseProject">
    <keyboard-shortcut first-keystroke="shift meta w" />
  </action>
  <action id="DuplicatesForm.SendToLeft" />
  <action id="DuplicatesForm.SendToRight" />
  <action id="FileChooser.GotoProject" />
  <action id="HippieBackwardCompletion" />
  <action id="HippieCompletion" />
  <action id="Macro.InsertAssign">
    <keyboard-shortcut first-keystroke="alt slash" />
  </action>
  <action id="Macro.InsertAssignRight">
    <keyboard-shortcut first-keystroke="shift alt quote" />
  </action>
  <action id="Macro.InsertComma">
    <keyboard-shortcut first-keystroke="comma" />
  </action>
  <action id="Macro.InsertDivide">
    <keyboard-shortcut first-keystroke="shift alt 8" />
  </action>
  <action id="Macro.InsertEqual">
    <keyboard-shortcut first-keystroke="alt minus" />
  </action>
  <action id="Macro.InsertEqualEqual">
    <keyboard-shortcut first-keystroke="alt equals" />
  </action>
  <action id="Macro.InsertGoAssign">
    <keyboard-shortcut first-keystroke="alt semicolon" />
  </action>
  <action id="Macro.InsertInclude">
    <keyboard-shortcut first-keystroke="shift alt 5" />
  </action>
  <action id="Macro.InsertLessEqual">
    <keyboard-shortcut first-keystroke="shift alt comma" />
  </action>
  <action id="Macro.InsertLessThan">
    <keyboard-shortcut first-keystroke="alt comma" />
  </action>
  <action id="Macro.InsertMinus">
    <keyboard-shortcut first-keystroke="shift alt minus" />
  </action>
  <action id="Macro.InsertMoreEqual">
    <keyboard-shortcut first-keystroke="shift alt period" />
  </action>
  <action id="Macro.InsertMoreThan">
    <keyboard-shortcut first-keystroke="alt period" />
  </action>
  <action id="Macro.InsertPipeDplyr">
    <keyboard-shortcut first-keystroke="alt 0" />
  </action>
  <action id="Macro.InsertPipeDplyrAssign">
    <keyboard-shortcut first-keystroke="shift alt 0" />
  </action>
  <action id="Macro.InsertPipeDplyrTee">
    <keyboard-shortcut first-keystroke="shift alt 9" />
  </action>
  <action id="Macro.InsertPipeDplyrVar">
    <keyboard-shortcut first-keystroke="alt 9" />
  </action>
  <action id="Macro.InsertPlus">
    <keyboard-shortcut first-keystroke="shift alt equals" />
  </action>
  <action id="Macro.InsertRustAssign">
    <keyboard-shortcut first-keystroke="alt quote" />
  </action>
  <action id="Macro.InsertTilde">
    <keyboard-shortcut first-keystroke="shift alt semicolon" />
  </action>
  <action id="Macro.InsertTimes">
    <keyboard-shortcut first-keystroke="alt 8" />
  </action>
  <action id="Macro.InsertUpAssign">
    <keyboard-shortcut first-keystroke="shift alt slash" />
  </action>
</keymap>