<application>
  <component name="ProjectManager">
    <defaultProject>
      <component name="CMakeSettings">
        <configurations>
          <configuration PROFILE_NAME="Debug" CONFIG_NAME="Debug" />
        </configurations>
      </component>
      <component name="JsFlowSettings">
        <service-enabled>true</service-enabled>
        <exe-path />
        <other-services-enabled>true</other-services-enabled>
        <auto-save>true</auto-save>
      </component>
      <component name="MarkdownProjectSettings">
        <PreviewSettings splitEditorLayout="SPLIT" splitEditorPreview="PREVIEW" useGrayscaleRendering="false" zoomFactor="1.25" maxImageWidth="0" synchronizePreviewPosition="true" highlightPreviewType="LINE" highlightFadeOut="5" highlightOnTyping="true" synchronizeSourcePosition="true" verticallyAlignSourceAndPreviewSyncPosition="true" showSearchHighlightsInPreview="true" showSelectionInPreview="true" lastLayoutSetsDefault="false">
          <PanelProvider>
            <provider providerId="com.vladsch.idea.multimarkdown.editor.swing.html.panel" providerName="Default - Swing" />
          </PanelProvider>
        </PreviewSettings>
        <ParserSettings gitHubSyntaxChange="false" correctedInvalidSettings="false" emojiShortcuts="1" emojiImages="0">
          <PegdownExtensions>
            <option name="ANCHORLINKS" value="true" />
            <option name="ATXHEADERSPACE" value="true" />
            <option name="FENCED_CODE_BLOCKS" value="true" />
            <option name="INTELLIJ_DUMMY_IDENTIFIER" value="true" />
            <option name="RELAXEDHRULES" value="true" />
            <option name="STRIKETHROUGH" value="true" />
            <option name="TABLES" value="true" />
            <option name="TASKLISTITEMS" value="true" />
          </PegdownExtensions>
          <ParserOptions>
            <option name="COMMONMARK_LISTS" value="true" />
            <option name="EMOJI_SHORTCUTS" value="true" />
            <option name="GFM_TABLE_RENDERING" value="true" />
            <option name="PRODUCTION_SPEC_PARSER" value="true" />
            <option name="SIM_TOC_BLANK_LINE_SPACER" value="true" />
          </ParserOptions>
        </ParserSettings>
        <HtmlSettings headerTopEnabled="false" headerBottomEnabled="false" bodyTopEnabled="false" bodyBottomEnabled="false" addPageHeader="false" imageUriSerials="false" addDocTypeHtml="true" noParaTags="false" plantUmlConversion="0">
          <GeneratorProvider>
            <provider providerId="com.vladsch.idea.multimarkdown.editor.text.html.generator" providerName="Unmodified HTML Generator" />
          </GeneratorProvider>
          <headerTop />
          <headerBottom />
          <bodyTop />
          <bodyBottom />
        </HtmlSettings>
        <CssSettings previewScheme="UI_SCHEME" cssUri="" isCssUriEnabled="false" isCssUriSerial="true" isCssTextEnabled="false" isDynamicPageWidth="true">
          <StylesheetProvider>
            <provider providerId="com.vladsch.idea.multimarkdown.editor.text.html.css" providerName="No Stylesheet" />
          </StylesheetProvider>
          <ScriptProviders />
          <cssText />
          <cssUriHistory />
        </CssSettings>
      </component>
      <component name="ProjectDictionaryState">
        <dictionary name="Daniel" />
      </component>
      <component name="ProjectInspectionProfilesVisibleTreeState">
        <entry key="Project Default">
          <profile-state>
            <expanded-state>
              <State />
            </expanded-state>
            <selected-state>
              <State>
                <id>BashSupport</id>
              </State>
            </selected-state>
          </profile-state>
        </entry>
      </component>
      <component name="PropertiesComponent">
        <property name="js.buildTools.grunt.grunt-cli.package" value="" />
        <property name="js.buildTools.gulp.gulp_package_dir" value="" />
        <property name="nodejs.jest.jest_package" value="" />
        <property name="nodejs.protractor.protractor_package" value="" />
        <property name="nodejs_interpreter_path.stuck_in_default_project" value="undefined stuck path" />
        <property name="nodejs_npm_path_reset_for_default_project" value="true" />
        <property name="settings.editor.selected.configurable" value="configurable.group.appearance" />
      </component>
      <component name="RunDashboard">
        <option name="ruleStates">
          <list>
            <RuleState>
              <option name="name" value="ConfigurationTypeDashboardGroupingRule" />
            </RuleState>
            <RuleState>
              <option name="name" value="StatusDashboardGroupingRule" />
            </RuleState>
          </list>
        </option>
      </component>
      <component name="RunManager">
        <configuration default="true" type="js.build_tools.grunt">
          <node-interpreter value="project" />
          <envs />
          <method v="2" />
        </configuration>
        <configuration default="true" type="js.build_tools.gulp">
          <node-interpreter>project</node-interpreter>
          <node-options />
          <gulpfile />
          <tasks />
          <arguments />
          <envs />
          <method v="2" />
        </configuration>
      </component>
      <component name="masterDetails">
        <states>
          <state key="ScopeChooserConfigurable.UI">
            <settings>
              <splitter-proportions>
                <option name="proportions">
                  <list>
                    <option value="0.2" />
                  </list>
                </option>
              </splitter-proportions>
            </settings>
          </state>
        </states>
      </component>
    </defaultProject>
  </component>
</application>