<application>
  <component name="libraryTable">
    <library name="Python 3.7 interpreter library">
      <CLASSES>
        <root url="file:///usr/local/Cellar/python/3.7.5/Frameworks/Python.framework/Versions/3.7/lib/python3.7" />
        <root url="file:///usr/local/Cellar/python/3.7.5/Frameworks/Python.framework/Versions/3.7/lib/python3.7/lib-dynload" />
        <root url="file://$USER_HOME$/Library/Python/3.7/lib/python/site-packages" />
        <root url="file:///usr/local/lib/python3.7/site-packages" />
        <root url="file:///usr/local/lib/python3.7/site-packages/geeknote-0.2a0-py3.7.egg" />
        <root url="file:///usr/local/lib/python3.7/site-packages/thrift-0.11.0-py3.7-macosx-10.13-x86_64.egg" />
        <root url="file:///usr/local/lib/python3.7/site-packages/beautifulsoup4-4.7.1-py3.7.egg" />
        <root url="file:///usr/local/lib/python3.7/site-packages/markdown2-2.3.7-py3.7.egg" />
        <root url="file:///usr/local/lib/python3.7/site-packages/SQLAlchemy-1.3.0b3-py3.7-macosx-10.13-x86_64.egg" />
        <root url="file:///usr/local/lib/python3.7/site-packages/html2text-2018.1.9-py3.7.egg" />
        <root url="file://$USER_HOME$/Library/Caches/PyCharm2019.2/python_stubs/-1199943126" />
        <root url="file://$APPLICATION_HOME_DIR$/helpers/python-skeletons" />
        <root url="file://$APPLICATION_HOME_DIR$/helpers/typeshed/stdlib/3" />
        <root url="file://$APPLICATION_HOME_DIR$/helpers/typeshed/stdlib/2and3" />
        <root url="file://$APPLICATION_HOME_DIR$/helpers/typeshed/third_party/3" />
        <root url="file://$APPLICATION_HOME_DIR$/helpers/typeshed/third_party/2and3" />
      </CLASSES>
      <SOURCES>
        <root url="file:///usr/local/Cellar/python/3.7.5/Frameworks/Python.framework/Versions/3.7/lib/python3.7" />
        <root url="file:///usr/local/Cellar/python/3.7.5/Frameworks/Python.framework/Versions/3.7/lib/python3.7/lib-dynload" />
        <root url="file://$USER_HOME$/Library/Python/3.7/lib/python/site-packages" />
        <root url="file:///usr/local/lib/python3.7/site-packages" />
        <root url="file:///usr/local/lib/python3.7/site-packages/geeknote-0.2a0-py3.7.egg" />
        <root url="file:///usr/local/lib/python3.7/site-packages/thrift-0.11.0-py3.7-macosx-10.13-x86_64.egg" />
        <root url="file:///usr/local/lib/python3.7/site-packages/beautifulsoup4-4.7.1-py3.7.egg" />
        <root url="file:///usr/local/lib/python3.7/site-packages/markdown2-2.3.7-py3.7.egg" />
        <root url="file:///usr/local/lib/python3.7/site-packages/SQLAlchemy-1.3.0b3-py3.7-macosx-10.13-x86_64.egg" />
        <root url="file:///usr/local/lib/python3.7/site-packages/html2text-2018.1.9-py3.7.egg" />
        <root url="file://$USER_HOME$/Library/Caches/PyCharm2019.2/python_stubs/-1199943126" />
        <root url="file://$APPLICATION_HOME_DIR$/helpers/python-skeletons" />
        <root url="file://$APPLICATION_HOME_DIR$/helpers/typeshed/stdlib/3" />
        <root url="file://$APPLICATION_HOME_DIR$/helpers/typeshed/stdlib/2and3" />
        <root url="file://$APPLICATION_HOME_DIR$/helpers/typeshed/third_party/3" />
        <root url="file://$APPLICATION_HOME_DIR$/helpers/typeshed/third_party/2and3" />
      </SOURCES>
    </library>
  </component>
</application>