<application>
  <component name="ActionMacroManager">
    <macro name="InsertAssign">
      <typing text-keycode="32:0;0:1;45:0;32:0">&amp;#x20;&lt;-&amp;#x20;</typing>
    </macro>
    <macro name="InsertAssignRight">
      <typing text-keycode="32:0;45:0;0:1;32:0">&amp;#x20;-&gt;&amp;#x20;</typing>
    </macro>
    <macro name="InsertComma">
      <typing text-keycode="44:0;32:0">,&amp;#x20;</typing>
    </macro>
    <macro name="InsertDivide">
      <typing text-keycode="32:0;47:0;32:0">&amp;#x20;/&amp;#x20;</typing>
    </macro>
    <macro name="InsertEqual">
      <typing text-keycode="32:0;61:0;32:0">&amp;#x20;=&amp;#x20;</typing>
    </macro>
    <macro name="InsertEqualEqual">
      <typing text-keycode="32:0;61:0;61:0;32:0">&amp;#x20;==&amp;#x20;</typing>
    </macro>
    <macro name="InsertGoAssign">
      <typing text-keycode="32:0;513:1;61:0;32:0">&amp;#x20;:=&amp;#x20;</typing>
    </macro>
    <macro name="InsertInclude">
      <typing text-keycode="32:0;0:1;73:0;78:0;0:1;32:0">&amp;#x20;%in%&amp;#x20;</typing>
    </macro>
    <macro name="InsertLessEqual">
      <typing text-keycode="32:0;0:1;61:0;32:0">&amp;#x20;&lt;=&amp;#x20;</typing>
    </macro>
    <macro name="InsertLessThan">
      <typing text-keycode="32:0;0:1;32:0">&amp;#x20;&lt;&amp;#x20;</typing>
    </macro>
    <macro name="InsertMinus">
      <typing text-keycode="32:0;45:0;32:0">&amp;#x20;-&amp;#x20;</typing>
    </macro>
    <macro name="InsertMoreEqual">
      <typing text-keycode="32:0;0:1;61:0;32:0">&amp;#x20;&gt;=&amp;#x20;</typing>
    </macro>
    <macro name="InsertMoreThan">
      <typing text-keycode="32:0;0:1;32:0">&amp;#x20;&gt;&amp;#x20;</typing>
    </macro>
    <macro name="InsertPipeDplyr">
      <typing text-keycode="32:0;0:1;0:1;0:1;32:0">&amp;#x20;%&gt;%&amp;#x20;</typing>
    </macro>
    <macro name="InsertPipeDplyrAssign">
      <typing text-keycode="32:0;0:1;0:1;0:1;0:1;32:0">&amp;#x20;%&lt;&gt;%&amp;#x20;</typing>
    </macro>
    <macro name="InsertPipeDplyrTee">
      <typing text-keycode="32:0;0:1;84:1;0:1;0:1;32:0">&amp;#x20;%T&gt;%&amp;#x20;</typing>
    </macro>
    <macro name="InsertPipeDplyrVar">
      <typing text-keycode="32:0;0:1;0:1;0:1;32:0">&amp;#x20;%$%&amp;#x20;</typing>
    </macro>
    <macro name="InsertPlus">
      <typing text-keycode="32:0;107:1;32:0">&amp;#x20;+&amp;#x20;</typing>
    </macro>
    <macro name="InsertRustAssign">
      <typing text-keycode="32:0;61:0;0:1;32:0">&amp;#x20;=&gt;&amp;#x20;</typing>
    </macro>
    <macro name="InsertTilde">
      <typing text-keycode="32:0;0:1;32:0">&amp;#x20;~&amp;#x20;</typing>
    </macro>
    <macro name="InsertTimes">
      <typing text-keycode="32:0;106:1;32:0">&amp;#x20;*&amp;#x20;</typing>
    </macro>
    <macro name="InsertUpAssign">
      <typing text-keycode="32:0;0:1;0:1;45:0;32:0">&amp;#x20;&lt;&lt;-&amp;#x20;</typing>
    </macro>
    <macro name="InsertEqualBroadcast">
      <typing text-keycode="32:0;46:0;61:0;32:0">&amp;#x20;.=&amp;#x20;</typing>
    </macro>
    <macro name="InsertEqualEqualBroadcast">
      <typing text-keycode="32:0;46:0;61:0;61:0;32:0">&amp;#x20;.==&amp;#x20;</typing>
    </macro>
    <macro name="InsertLessThanBroadcast">
      <typing text-keycode="32:0;46:0;0:1;32:0">&amp;#x20;.&lt;&amp;#x20;</typing>
    </macro>
    <macro name="InsertMoreThanBroadcast">
      <typing text-keycode="32:0;46:0;0:1;32:0">&amp;#x20;.&gt;&amp;#x20;</typing>
    </macro>
    <macro name="InsertLessEqualBroadcast">
      <typing text-keycode="32:0;46:0;0:1;61:0;32:0">&amp;#x20;.&lt;=&amp;#x20;</typing>
    </macro>
    <macro name="InsertMoreEqualBroadcast">
      <typing text-keycode="32:0;46:0;0:1;61:0;32:0">&amp;#x20;.&gt;=&amp;#x20;</typing>
    </macro>
    <macro name="InsertMinusBroadcast">
      <typing text-keycode="32:0;46:0;45:0;32:0">&amp;#x20;.-&amp;#x20;</typing>
    </macro>
    <macro name="InsertPlusBroadcast">
      <typing text-keycode="32:0;46:0;107:1;32:0">&amp;#x20;.+&amp;#x20;</typing>
    </macro>
    <macro name="InsertDivideBroadcast">
      <typing text-keycode="32:0;46:0;47:0;32:0">&amp;#x20;./&amp;#x20;</typing>
    </macro>
    <macro name="InsertTimesBroadcast">
      <typing text-keycode="32:0;46:0;106:1;32:0">&amp;#x20;.*&amp;#x20;</typing>
    </macro>
    <macro name="InsertJuliaPipe">
      <typing text-keycode="32:0;0:1;0:1;32:0">&amp;#x20;|&gt;&amp;#x20;</typing>
    </macro>
    <macro name="InsertEqualEqualEqual">
      <typing text-keycode="32:0;61:0;61:0;61:0;32:0">&amp;#x20;===&amp;#x20;</typing>
    </macro>
  </component>
</application>