<keymap version="1" name="Default for macOS copy" parent="Mac OS X 10.5+">
  <action id="$Cut">
    <keyboard-shortcut first-keystroke="meta x" />
  </action>
  <action id="$Redo">
    <keyboard-shortcut first-keystroke="shift meta z" />
  </action>
  <action id="ActivateFavoritesToolWindow" />
  <action id="ActivateFindToolWindow" />
  <action id="ActivatePythonConsoleToolWindow">
    <keyboard-shortcut first-keystroke="meta 3" />
  </action>
  <action id="ActivateTerminalToolWindow">
    <keyboard-shortcut first-keystroke="meta 2" />
  </action>
  <action id="ActivateVersionControlToolWindow">
    <keyboard-shortcut first-keystroke="meta 9" />
  </action>
  <action id="Arrangement.Alias.Rule.Match.Condition.Move.Up" />
  <action id="Arrangement.Rule.Match.Condition.Move.Down" />
  <action id="Arrangement.Rule.Match.Condition.Move.Up" />
  <action id="Back">
    <mouse-shortcut keystroke="button4" />
  </action>
  <action id="CIDR.Lang.IntroduceDefine" />
  <action id="ChangesView.GroupBy.Module" />
  <action id="ChangesView.Move" />
  <action id="ChangesView.SetDefault" />
  <action id="CheckinProject" />
  <action id="CloseProject">
    <keyboard-shortcut first-keystroke="shift meta w" />
  </action>
  <action id="CodeCompletion" />
  <action id="Compare.SameVersion">
    <keyboard-shortcut first-keystroke="shift alt c" />
  </action>
  <action id="CompareTwoFiles">
    <keyboard-shortcut first-keystroke="alt c" />
  </action>
  <action id="ConfigureIcs">
    <keyboard-shortcut first-keystroke="alt i" />
  </action>
  <action id="Console.TableResult.CompareCells" />
  <action id="Console.TableResult.NavigateAction">
    <keyboard-shortcut first-keystroke="f4" />
  </action>
  <action id="Console.TableResult.NextPage" />
  <action id="Console.TableResult.PreviousPage" />
  <action id="Console.TableResult.SetDefault" />
  <action id="Console.Transaction.Commit" />
  <action id="DecrementWindowHeight" />
  <action id="Diff.ApplyLeftSide" />
  <action id="Diff.ApplyRightSide" />
  <action id="Diff.NextChange">
    <keyboard-shortcut first-keystroke="shift meta close_bracket" />
  </action>
  <action id="Diff.PrevChange">
    <keyboard-shortcut first-keystroke="shift meta open_bracket" />
  </action>
  <action id="Diff.ShowDiff" />
  <action id="Diff.ShowSettingsPopup" />
  <action id="DuplicatesForm.SendToLeft" />
  <action id="DuplicatesForm.SendToRight" />
  <action id="EditSource">
    <keyboard-shortcut first-keystroke="f4" />
  </action>
  <action id="EditorAddOrRemoveCaret" />
  <action id="EditorAddRectangularSelectionOnMouseDrag" />
  <action id="EditorBackwardParagraph">
    <keyboard-shortcut first-keystroke="alt up" />
  </action>
  <action id="EditorBackwardParagraphWithSelection">
    <keyboard-shortcut first-keystroke="shift alt up" />
  </action>
  <action id="EditorCloneCaretAbove">
    <keyboard-shortcut first-keystroke="shift ctrl up" />
  </action>
  <action id="EditorCloneCaretBelow">
    <keyboard-shortcut first-keystroke="shift ctrl down" />
  </action>
  <action id="EditorCreateRectangularSelection" />
  <action id="EditorCreateRectangularSelectionOnMouseDrag" />
  <action id="EditorCutLineEnd" />
  <action id="EditorDeleteLine">
    <keyboard-shortcut first-keystroke="shift ctrl k" />
  </action>
  <action id="EditorDuplicate" />
  <action id="EditorDuplicateLines">
    <keyboard-shortcut first-keystroke="shift meta d" />
  </action>
  <action id="EditorFocusGutter" />
  <action id="EditorForwardParagraph">
    <keyboard-shortcut first-keystroke="alt down" />
  </action>
  <action id="EditorForwardParagraphWithSelection">
    <keyboard-shortcut first-keystroke="shift alt down" />
  </action>
  <action id="EditorIndentLineOrSelection">
    <keyboard-shortcut first-keystroke="meta close_bracket" />
  </action>
  <action id="EditorLineEnd">
    <keyboard-shortcut first-keystroke="meta right" />
    <keyboard-shortcut first-keystroke="ctrl e" />
  </action>
  <action id="EditorLineEndWithSelection">
    <keyboard-shortcut first-keystroke="shift meta right" />
  </action>
  <action id="EditorLineStart">
    <keyboard-shortcut first-keystroke="meta left" />
    <keyboard-shortcut first-keystroke="ctrl a" />
  </action>
  <action id="EditorLineStartWithSelection">
    <keyboard-shortcut first-keystroke="shift meta left" />
  </action>
  <action id="EditorMoveToPageBottom">
    <keyboard-shortcut first-keystroke="shift alt j" />
  </action>
  <action id="EditorMoveToPageBottomWithSelection" />
  <action id="EditorMoveToPageTop">
    <keyboard-shortcut first-keystroke="shift alt k" />
  </action>
  <action id="EditorMoveToPageTopWithSelection" />
  <action id="EditorPageDown">
    <keyboard-shortcut first-keystroke="meta alt down" />
  </action>
  <action id="EditorPageDownWithSelection">
    <keyboard-shortcut first-keystroke="shift meta alt enter" />
  </action>
  <action id="EditorPageUp">
    <keyboard-shortcut first-keystroke="meta alt up" />
  </action>
  <action id="EditorPageUpWithSelection" />
  <action id="EditorSelectLine">
    <keyboard-shortcut first-keystroke="meta l" />
  </action>
  <action id="EditorSelectWord" />
  <action id="EditorShowGutterIconTooltip" />
  <action id="EditorTextEnd">
    <keyboard-shortcut first-keystroke="meta down" />
  </action>
  <action id="EditorTextEndWithSelection">
    <keyboard-shortcut first-keystroke="shift meta down" />
  </action>
  <action id="EditorTextStart">
    <keyboard-shortcut first-keystroke="meta up" />
  </action>
  <action id="EditorTextStartWithSelection">
    <keyboard-shortcut first-keystroke="shift meta up" />
  </action>
  <action id="EditorUnSelectWord" />
  <action id="EditorUnindentSelection">
    <keyboard-shortcut first-keystroke="meta open_bracket" />
  </action>
  <action id="ExportSettings">
    <keyboard-shortcut first-keystroke="alt dead_acute" />
  </action>
  <action id="FileChooser.GotoDesktop" />
  <action id="FileChooser.GotoModule" />
  <action id="FileChooser.GotoProject" />
  <action id="Forward">
    <mouse-shortcut keystroke="button5" />
  </action>
  <action id="GotoChangedFile" />
  <action id="GotoClass" />
  <action id="GotoLine" />
  <action id="GotoRelated" />
  <action id="GotoSuperMethod" />
  <action id="GotoTest" />
  <action id="HippieBackwardCompletion" />
  <action id="HippieCompletion" />
  <action id="Images.ShowThumbnails" />
  <action id="IncrementWindowHeight" />
  <action id="Macro.InsertAssign">
    <keyboard-shortcut first-keystroke="alt slash" />
  </action>
  <action id="Macro.InsertAssignRight">
    <keyboard-shortcut first-keystroke="shift alt quote" />
  </action>
  <action id="Macro.InsertComma">
    <keyboard-shortcut first-keystroke="comma" />
  </action>
  <action id="Macro.InsertDivide">
    <keyboard-shortcut first-keystroke="alt 9" />
  </action>
  <action id="Macro.InsertDivideBroadcast">
    <keyboard-shortcut first-keystroke="shift alt 9" />
  </action>
  <action id="Macro.InsertEqual">
    <keyboard-shortcut first-keystroke="alt equals" />
  </action>
  <action id="Macro.InsertEqualBroadcast">
    <keyboard-shortcut first-keystroke="shift alt equals" />
  </action>
  <action id="Macro.InsertEqualEqual">
    <keyboard-shortcut first-keystroke="alt back_slash" />
  </action>
  <action id="Macro.InsertEqualEqualBroadcast">
    <keyboard-shortcut first-keystroke="shift alt back_slash" />
  </action>
  <action id="Macro.InsertEqualEqualEqual">
    <keyboard-shortcut first-keystroke="shift add" />
  </action>
  <action id="Macro.InsertGoAssign">
    <keyboard-shortcut first-keystroke="alt semicolon" />
  </action>
  <action id="Macro.InsertInclude">
    <keyboard-shortcut first-keystroke="shift alt 5" />
  </action>
  <action id="Macro.InsertJuliaPipe">
    <keyboard-shortcut first-keystroke="shift alt semicolon" />
  </action>
  <action id="Macro.InsertLessEqual">
    <keyboard-shortcut first-keystroke="alt open_bracket" />
  </action>
  <action id="Macro.InsertLessEqualBroadcast">
    <keyboard-shortcut first-keystroke="shift alt open_bracket" />
  </action>
  <action id="Macro.InsertLessThan">
    <keyboard-shortcut first-keystroke="alt comma" />
  </action>
  <action id="Macro.InsertLessThanBroadcast">
    <keyboard-shortcut first-keystroke="shift alt comma" />
  </action>
  <action id="Macro.InsertMinus">
    <keyboard-shortcut first-keystroke="alt minus" />
  </action>
  <action id="Macro.InsertMinusBroadcast">
    <keyboard-shortcut first-keystroke="shift alt minus" />
  </action>
  <action id="Macro.InsertMoreEqual">
    <keyboard-shortcut first-keystroke="alt close_bracket" />
  </action>
  <action id="Macro.InsertMoreEqualBroadcast">
    <keyboard-shortcut first-keystroke="shift alt close_bracket" />
  </action>
  <action id="Macro.InsertMoreThan">
    <keyboard-shortcut first-keystroke="alt period" />
  </action>
  <action id="Macro.InsertMoreThanBroadcast">
    <keyboard-shortcut first-keystroke="shift alt period" />
  </action>
  <action id="Macro.InsertPipeDplyr">
    <keyboard-shortcut first-keystroke="alt 7" />
  </action>
  <action id="Macro.InsertPipeDplyrAssign">
    <keyboard-shortcut first-keystroke="shift alt 7" />
  </action>
  <action id="Macro.InsertPipeDplyrTee">
    <keyboard-shortcut first-keystroke="shift alt 6" />
  </action>
  <action id="Macro.InsertPipeDplyrVar">
    <keyboard-shortcut first-keystroke="alt 6" />
  </action>
  <action id="Macro.InsertPlus">
    <keyboard-shortcut first-keystroke="alt 0" />
  </action>
  <action id="Macro.InsertPlusBroadcast">
    <keyboard-shortcut first-keystroke="shift alt 0" />
  </action>
  <action id="Macro.InsertRustAssign">
    <keyboard-shortcut first-keystroke="alt quote" />
  </action>
  <action id="Macro.InsertTilde">
    <keyboard-shortcut first-keystroke="alt 5" />
  </action>
  <action id="Macro.InsertTimes">
    <keyboard-shortcut first-keystroke="alt 8" />
  </action>
  <action id="Macro.InsertTimesBroadcast">
    <keyboard-shortcut first-keystroke="shift alt 8" />
  </action>
  <action id="Macro.InsertUpAssign">
    <keyboard-shortcut first-keystroke="shift alt slash" />
  </action>
  <action id="MethodOverloadSwitchDown" />
  <action id="MethodOverloadSwitchUp" />
  <action id="MinimizeCurrentWindow" />
  <action id="MoveElementLeft" />
  <action id="MoveElementRight" />
  <action id="MoveLineDown">
    <keyboard-shortcut first-keystroke="ctrl meta down" />
  </action>
  <action id="MoveLineUp">
    <keyboard-shortcut first-keystroke="ctrl meta up" />
  </action>
  <action id="MoveStatementDown" />
  <action id="MoveStatementUp" />
  <action id="NewDirectoryProject">
    <keyboard-shortcut first-keystroke="shift meta n" />
  </action>
  <action id="NewElement">
    <keyboard-shortcut first-keystroke="meta n" />
  </action>
  <action id="NewScratchFile" />
  <action id="NextEditorTab" />
  <action id="NextOccurence" />
  <action id="NextTab">
    <keyboard-shortcut first-keystroke="meta alt right" />
  </action>
  <action id="OpenFile">
    <keyboard-shortcut first-keystroke="meta o" />
  </action>
  <action id="PreviousEditorTab" />
  <action id="PreviousOccurence" />
  <action id="PreviousTab">
    <keyboard-shortcut first-keystroke="meta alt left" />
  </action>
  <action id="RecentChanges" />
  <action id="ReopenClosedTab">
    <keyboard-shortcut first-keystroke="shift meta t" />
  </action>
  <action id="ResetColumnsWidth" />
  <action id="ResizeToolWindowDown" />
  <action id="ResizeToolWindowUp" />
  <action id="RunDashboard.ShowConfigurations" />
  <action id="SearchEverywhere.NavigateToNextGroup">
    <keyboard-shortcut first-keystroke="page_down" />
  </action>
  <action id="SearchEverywhere.NavigateToPrevGroup">
    <keyboard-shortcut first-keystroke="page_up" />
  </action>
  <action id="SelectNextOccurrence">
    <keyboard-shortcut first-keystroke="meta d" />
  </action>
  <action id="SendEOF" />
  <action id="ServiceView.JumpToServices">
    <keyboard-shortcut first-keystroke="alt home" />
  </action>
  <action id="ShowNavBar">
    <keyboard-shortcut first-keystroke="alt home" />
  </action>
  <action id="ShowSearchHistory" />
  <action id="SmartSelect" />
  <action id="StartStopMacroRecording">
    <keyboard-shortcut first-keystroke="shift ctrl m" />
  </action>
  <action id="TabShiftActions.MoveFocusDown">
    <keyboard-shortcut first-keystroke="shift meta alt down" />
  </action>
  <action id="TabShiftActions.MoveFocusLeft">
    <keyboard-shortcut first-keystroke="shift meta alt left" />
  </action>
  <action id="TabShiftActions.MoveFocusRight">
    <keyboard-shortcut first-keystroke="shift meta alt right" />
  </action>
  <action id="TabShiftActions.MoveFocusUp">
    <keyboard-shortcut first-keystroke="shift meta alt up" />
  </action>
  <action id="TabShiftActions.ShiftDown">
    <keyboard-shortcut first-keystroke="shift ctrl alt down" />
  </action>
  <action id="TabShiftActions.ShiftLeft">
    <keyboard-shortcut first-keystroke="shift ctrl alt left" />
  </action>
  <action id="TabShiftActions.ShiftRight">
    <keyboard-shortcut first-keystroke="shift ctrl alt right" />
  </action>
  <action id="TabShiftActions.ShiftUp">
    <keyboard-shortcut first-keystroke="shift ctrl alt up" />
  </action>
  <action id="TabShiftActions.ToggleMaximizeRestore">
    <keyboard-shortcut first-keystroke="shift meta m" />
  </action>
  <action id="TableResult.GrowSelection" />
  <action id="Terminal.MoveToolWindowTabLeft" />
  <action id="Terminal.MoveToolWindowTabRight" />
  <action id="TodoViewGroupByShowModules" />
  <action id="Uml.ShowDiff" />
  <action id="UnselectPreviousOccurrence">
    <keyboard-shortcut first-keystroke="meta u" />
  </action>
  <action id="Vcs.EditSource">
    <keyboard-shortcut first-keystroke="f4" />
  </action>
  <action id="Vcs.Log.FocusTextFilter" />
  <action id="Vcs.MoveChangedLinesToChangelist" />
  <action id="Vcs.ShowMessageHistory">
    <keyboard-shortcut first-keystroke="meta e" />
  </action>
  <action id="VcsShowNextChangeMarker" />
  <action id="VcsShowPrevChangeMarker" />
  <action id="ViewInplaceComments" />
  <action id="XDebugger.JumpToSource">
    <keyboard-shortcut first-keystroke="f4" />
  </action>
  <action id="com.mnw.tabmover.actions.MoveTabDownAction">
    <keyboard-shortcut first-keystroke="shift ctrl right" />
  </action>
  <action id="com.mnw.tabmover.actions.MoveTabToFirstAction" />
  <action id="com.mnw.tabmover.actions.MoveTabToLastAction" />
  <action id="com.mnw.tabmover.actions.MoveTabUpAction">
    <keyboard-shortcut first-keystroke="shift ctrl left" />
  </action>
  <action id="openAssertEqualsDiff" />
</keymap>