<application>
  <component name="IntentionManagerSettings">
    <ignoreAction name="Python/Convert between single-quoted and double-quoted strings" />
    <ignoreAction name="Python/Specify type for reference in docstring" />
    <ignoreAction name="Python/Specify type for reference using annotation" />
    <ignoreAction name="Python/Insert type assertion" />
    <ignoreAction name="Language injection/Inject language or reference" />
    <ignoreAction name="Python/Add type hint for variable" />
  </component>
</application>